corpus/text_65536.bin,compress,1,1.4224,261230.0,183654.0
corpus/text_65536.bin,decompress,1,0.9718,103581.0,106591.0
corpus/text_65536.bin,compress,6,1.2394,2235234.0,1803533.0
corpus/text_65536.bin,decompress,6,1.0419,63204.0,60660.0
corpus/text_65536.bin,compress,9,1.1906,3356779.0,2819323.0
corpus/text_65536.bin,decompress,9,1.0310,61288.0,59445.0
corpus/text_65536.bin,adler32,0,3.2025,12810.0,4000.0
corpus/text_65536.bin,crc32,0,4.0113,100042.0,24940.0
corpus/source_65536.bin,compress,1,1.1388,749353.0,658000.0
corpus/source_65536.bin,decompress,1,1.0264,195904.0,190860.0
corpus/source_65536.bin,compress,6,1.1690,2187741.0,1871451.0
corpus/source_65536.bin,decompress,6,1.0214,194303.0,190241.0
corpus/source_65536.bin,compress,9,1.1473,2553710.0,2225894.0
corpus/source_65536.bin,decompress,9,1.0106,193302.0,191276.0
corpus/source_65536.bin,adler32,0,3.7318,13289.0,3561.0
corpus/source_65536.bin,crc32,0,4.0138,100019.0,24919.0
corpus/mixed_65536.bin,compress,1,1.0887,385391.0,353999.0
corpus/mixed_65536.bin,decompress,1,1.0127,67546.0,66702.0
corpus/mixed_65536.bin,compress,6,1.0693,413025.0,386243.0
corpus/mixed_65536.bin,decompress,6,1.0087,67543.0,66962.0
corpus/mixed_65536.bin,compress,9,1.0806,417604.0,386464.0
corpus/mixed_65536.bin,decompress,9,1.0126,67675.0,66830.0
corpus/mixed_65536.bin,adler32,0,3.6121,12823.0,3550.0
corpus/mixed_65536.bin,crc32,0,4.0082,100000.0,24949.0
corpus/runs_65536.bin,compress,1,1.2673,328215.0,258981.0
corpus/runs_65536.bin,decompress,1,0.9709,120778.0,124397.0
corpus/runs_65536.bin,compress,6,1.0469,1699300.0,1623117.0
corpus/runs_65536.bin,decompress,6,1.0004,107184.0,107139.0
corpus/runs_65536.bin,compress,9,1.0544,1776291.0,1684691.0
corpus/runs_65536.bin,decompress,9,0.9731,108848.0,111852.0
corpus/runs_65536.bin,adler32,0,3.5307,12548.0,3554.0
corpus/runs_65536.bin,crc32,0,4.0336,100502.0,24916.0
corpus/zeros_65536.bin,compress,1,1.2632,59251.0,46906.0
corpus/zeros_65536.bin,decompress,1,0.8773,8573.0,9772.0
corpus/zeros_65536.bin,compress,6,1.2759,59872.0,46926.0
corpus/zeros_65536.bin,decompress,6,1.0013,8562.0,8551.0
corpus/zeros_65536.bin,compress,9,1.2830,59692.0,46526.0
corpus/zeros_65536.bin,decompress,9,0.9996,8552.0,8555.0
corpus/zeros_65536.bin,adler32,0,3.6916,13201.0,3576.0
corpus/zeros_65536.bin,crc32,0,4.0312,100517.0,24935.0
corpus/repeat_65536.bin,compress,1,1.2777,59674.0,46704.0
corpus/repeat_65536.bin,decompress,1,0.9282,8840.0,9524.0
corpus/repeat_65536.bin,compress,6,1.2754,59589.0,46720.0
corpus/repeat_65536.bin,decompress,6,1.0195,8928.0,8757.0
corpus/repeat_65536.bin,compress,9,1.2708,59364.0,46713.0
corpus/repeat_65536.bin,decompress,9,0.9867,8831.0,8950.0
corpus/repeat_65536.bin,adler32,0,3.5277,12555.0,3559.0
corpus/repeat_65536.bin,crc32,0,4.0154,100067.0,24921.0
corpus/ramp_65536.bin,compress,1,1.1767,77300.0,65690.0
corpus/ramp_65536.bin,decompress,1,1.0383,15426.0,14857.0
corpus/ramp_65536.bin,compress,6,1.6067,186720.0,116212.0
corpus/ramp_65536.bin,decompress,6,1.3272,12972.0,9774.0
corpus/ramp_65536.bin,compress,9,1.2749,87052.0,68280.0
corpus/ramp_65536.bin,decompress,9,1.6172,11560.0,7148.0
corpus/ramp_65536.bin,adler32,0,3.6385,12953.0,3560.0
corpus/ramp_65536.bin,crc32,0,4.0142,100022.0,24917.0
corpus/text_1048576.bin,compress,1,1.4678,4300780.0,2930183.0
corpus/text_1048576.bin,decompress,1,0.9946,1813638.0,1823402.0
corpus/text_1048576.bin,compress,6,1.2335,41540721.0,33676998.0
corpus/text_1048576.bin,decompress,6,1.0425,1108275.0,1063098.0
corpus/text_1048576.bin,compress,9,1.1564,69800542.0,60361422.0
corpus/text_1048576.bin,decompress,9,1.0091,1067850.0,1058218.0
corpus/text_1048576.bin,adler32,0,3.2713,208894.0,63856.0
corpus/text_1048576.bin,crc32,0,4.0279,1606461.0,398837.0
corpus/source_1048576.bin,compress,1,1.0994,12982302.0,11808325.0
corpus/source_1048576.bin,decompress,1,1.0376,3354538.0,3232897.0
corpus/source_1048576.bin,compress,6,1.1356,44064584.0,38802482.0
corpus/source_1048576.bin,decompress,6,1.0278,3388238.0,3296629.0
corpus/source_1048576.bin,compress,9,1.1237,53526122.0,47634079.0
corpus/source_1048576.bin,decompress,9,1.0174,3367041.0,3309491.0
corpus/source_1048576.bin,adler32,0,3.5425,200653.0,56642.0
corpus/source_1048576.bin,crc32,0,4.0394,1610151.0,398616.0
corpus/mixed_1048576.bin,compress,1,1.0599,7718146.0,7282005.0
corpus/mixed_1048576.bin,decompress,1,1.0108,1067890.0,1056489.0
corpus/mixed_1048576.bin,compress,6,1.0594,9404147.0,8876949.0
corpus/mixed_1048576.bin,decompress,6,1.0128,1070148.0,1056626.0
corpus/mixed_1048576.bin,compress,9,1.0663,9429141.0,8842683.0
corpus/mixed_1048576.bin,decompress,9,1.0094,1064077.0,1054188.0
corpus/mixed_1048576.bin,adler32,0,3.6430,204757.0,56205.0
corpus/mixed_1048576.bin,crc32,0,4.0294,1609293.0,399390.0
corpus/random_1048576.bin,compress,1,1.0630,16084202.0,15130882.0
corpus/random_1048576.bin,decompress,1,0.9280,20164.0,21728.0
corpus/random_1048576.bin,compress,6,1.0514,17960805.0,17083491.0
corpus/random_1048576.bin,decompress,6,1.0590,21870.0,20651.0
corpus/random_1048576.bin,compress,9,1.0472,18025636.0,17213395.0
corpus/random_1048576.bin,decompress,9,0.9302,20194.0,21709.0
corpus/random_1048576.bin,adler32,0,3.5669,200558.0,56228.0
corpus/random_1048576.bin,crc32,0,4.0559,1616783.0,398629.0
corpus/real/kernel_fs_ext4_inode.c,compress,1,1.4281,1031751.0,722481.0
corpus/real/kernel_fs_ext4_inode.c,decompress,1,1.0034,358203.0,357005.0
corpus/real/kernel_fs_ext4_inode.c,compress,6,1.1944,4426780.0,3706217.0
corpus/real/kernel_fs_ext4_inode.c,decompress,6,0.9661,295963.0,306333.0
corpus/real/kernel_fs_ext4_inode.c,compress,9,1.1516,5972979.0,5186678.0
corpus/real/kernel_fs_ext4_inode.c,decompress,9,1.0117,296548.0,293124.0
corpus/real/kernel_fs_ext4_inode.c,adler32,0,3.7214,34602.0,9298.0
corpus/real/kernel_fs_ext4_inode.c,crc32,0,4.0331,263798.0,65408.0
corpus/real/kernel_lib_string.c,compress,1,1.3786,105889.0,76808.0
corpus/real/kernel_lib_string.c,decompress,1,1.2094,34906.0,28863.0
corpus/real/kernel_lib_string.c,compress,6,1.3398,280465.0,209336.0
corpus/real/kernel_lib_string.c,decompress,6,1.1339,23123.0,20393.0
corpus/real/kernel_lib_string.c,compress,9,1.3108,290439.0,221580.0
corpus/real/kernel_lib_string.c,decompress,9,1.1350,22958.0,20228.0
corpus/real/kernel_lib_string.c,adler32,0,3.6233,4069.0,1123.0
corpus/real/kernel_lib_string.c,crc32,0,4.0176,31253.0,7779.0
corpus/real/kernel_scripts_kconfig_menu.c,compress,1,1.4047,87660.0,62405.0
corpus/real/kernel_scripts_kconfig_menu.c,decompress,1,1.0714,25650.0,23940.0
corpus/real/kernel_scripts_kconfig_menu.c,compress,6,1.3404,276860.0,206552.0
corpus/real/kernel_scripts_kconfig_menu.c,decompress,6,0.9994,17802.0,17813.0
corpus/real/kernel_scripts_kconfig_menu.c,compress,9,1.2782,316134.0,247332.0
corpus/real/kernel_scripts_kconfig_menu.c,decompress,9,0.6551,17410.0,26578.0
corpus/real/kernel_scripts_kconfig_menu.c,adler32,0,3.6875,3481.0,944.0
corpus/real/kernel_scripts_kconfig_menu.c,crc32,0,4.0334,26451.0,6558.0
corpus/real/kernel_net_ipv4_tcp_input.c,compress,1,1.3926,1153090.0,828001.0
corpus/real/kernel_net_ipv4_tcp_input.c,decompress,1,1.0185,403906.0,396572.0
corpus/real/kernel_net_ipv4_tcp_input.c,compress,6,1.1786,4846134.0,4111777.0
corpus/real/kernel_net_ipv4_tcp_input.c,decompress,6,0.9553,336634.0,352377.0
corpus/real/kernel_net_ipv4_tcp_input.c,compress,9,1.1610,6210202.0,5348927.0
corpus/real/kernel_net_ipv4_tcp_input.c,decompress,9,1.0126,336654.0,332468.0
corpus/real/kernel_net_ipv4_tcp_input.c,adler32,0,3.5394,35451.0,10016.0
corpus/real/kernel_net_ipv4_tcp_input.c,crc32,0,4.0347,284019.0,70394.0
upstream/ChangeLog.md,compress,1,1.3514,125186.0,92631.0
upstream/ChangeLog.md,decompress,1,1.0145,35203.0,34701.0
upstream/ChangeLog.md,compress,6,1.2826,295486.0,230372.0
upstream/ChangeLog.md,decompress,6,1.0241,30173.0,29463.0
upstream/ChangeLog.md,compress,9,1.2790,293988.0,229854.0
upstream/ChangeLog.md,decompress,9,0.9705,29908.0,30817.0
upstream/ChangeLog.md,adler32,0,3.7065,4092.0,1104.0
upstream/ChangeLog.md,crc32,0,4.0293,30941.0,7679.0
GEOMEAN,all,all,1.5110,,
