file,op,level,ns_ratio_maxmin
/home/armando/c-opt/miniz-opt/corpus/mixed_4096.bin,adler32,0,1.0043
/home/armando/c-opt/miniz-opt/corpus/mixed_4096.bin,compress,1,1.0115
/home/armando/c-opt/miniz-opt/corpus/mixed_4096.bin,compress,6,1.0160
/home/armando/c-opt/miniz-opt/corpus/mixed_4096.bin,compress,9,1.0036
/home/armando/c-opt/miniz-opt/corpus/mixed_4096.bin,crc32,0,1.0026
/home/armando/c-opt/miniz-opt/corpus/mixed_4096.bin,decompress,1,1.0152
/home/armando/c-opt/miniz-opt/corpus/mixed_4096.bin,decompress,6,1.0067
/home/armando/c-opt/miniz-opt/corpus/mixed_4096.bin,decompress,9,1.0169
/home/armando/c-opt/miniz-opt/corpus/mixed_65536.bin,adler32,0,1.1275
/home/armando/c-opt/miniz-opt/corpus/mixed_65536.bin,compress,1,1.0113
/home/armando/c-opt/miniz-opt/corpus/mixed_65536.bin,compress,6,1.0115
/home/armando/c-opt/miniz-opt/corpus/mixed_65536.bin,compress,9,1.0283
/home/armando/c-opt/miniz-opt/corpus/mixed_65536.bin,crc32,0,1.0015
/home/armando/c-opt/miniz-opt/corpus/mixed_65536.bin,decompress,1,1.0031
/home/armando/c-opt/miniz-opt/corpus/mixed_65536.bin,decompress,6,1.0023
/home/armando/c-opt/miniz-opt/corpus/mixed_65536.bin,decompress,9,1.0019
/home/armando/c-opt/miniz-opt/corpus/ramp_4096.bin,adler32,0,1.0085
/home/armando/c-opt/miniz-opt/corpus/ramp_4096.bin,compress,1,1.0238
/home/armando/c-opt/miniz-opt/corpus/ramp_4096.bin,compress,6,1.0111
/home/armando/c-opt/miniz-opt/corpus/ramp_4096.bin,compress,9,1.0104
/home/armando/c-opt/miniz-opt/corpus/ramp_4096.bin,crc32,0,1.0045
/home/armando/c-opt/miniz-opt/corpus/ramp_4096.bin,decompress,1,1.0506
/home/armando/c-opt/miniz-opt/corpus/ramp_4096.bin,decompress,6,1.0444
/home/armando/c-opt/miniz-opt/corpus/ramp_4096.bin,decompress,9,1.0020
/home/armando/c-opt/miniz-opt/corpus/ramp_65536.bin,adler32,0,1.1251
/home/armando/c-opt/miniz-opt/corpus/ramp_65536.bin,compress,1,1.0045
/home/armando/c-opt/miniz-opt/corpus/ramp_65536.bin,compress,6,1.0103
/home/armando/c-opt/miniz-opt/corpus/ramp_65536.bin,compress,9,1.0419
/home/armando/c-opt/miniz-opt/corpus/ramp_65536.bin,crc32,0,1.0004
/home/armando/c-opt/miniz-opt/corpus/ramp_65536.bin,decompress,1,1.0088
/home/armando/c-opt/miniz-opt/corpus/ramp_65536.bin,decompress,6,1.0105
/home/armando/c-opt/miniz-opt/corpus/ramp_65536.bin,decompress,9,1.0248
/home/armando/c-opt/miniz-opt/corpus/random_4096.bin,adler32,0,1.0127
/home/armando/c-opt/miniz-opt/corpus/random_4096.bin,compress,1,1.0379
/home/armando/c-opt/miniz-opt/corpus/random_4096.bin,compress,6,1.0226
/home/armando/c-opt/miniz-opt/corpus/random_4096.bin,compress,9,1.0049
/home/armando/c-opt/miniz-opt/corpus/random_4096.bin,crc32,0,1.0026
/home/armando/c-opt/miniz-opt/corpus/random_4096.bin,decompress,1,1.0741
/home/armando/c-opt/miniz-opt/corpus/random_4096.bin,decompress,6,1.0741
/home/armando/c-opt/miniz-opt/corpus/random_4096.bin,decompress,9,1.0179
/home/armando/c-opt/miniz-opt/corpus/random_65536.bin,adler32,0,1.0022
/home/armando/c-opt/miniz-opt/corpus/random_65536.bin,compress,1,1.0145
/home/armando/c-opt/miniz-opt/corpus/random_65536.bin,compress,6,1.0279
/home/armando/c-opt/miniz-opt/corpus/random_65536.bin,compress,9,1.0137
/home/armando/c-opt/miniz-opt/corpus/random_65536.bin,crc32,0,1.0015
/home/armando/c-opt/miniz-opt/corpus/random_65536.bin,decompress,1,1.0128
/home/armando/c-opt/miniz-opt/corpus/random_65536.bin,decompress,6,1.0295
/home/armando/c-opt/miniz-opt/corpus/random_65536.bin,decompress,9,1.0374
